{
  "competencies_calculator.py": 1777271514.0,
  "apps/web/postcss.config.js": 1779032598.5148265,
  "apps/web/next.config.js": 1779032596.511784,
  "apps/web/tailwind.config.js": 1779032598.0258162,
  "apps/web/app/page.tsx": 1779037566.9648113,
  "apps/web/app/layout.tsx": 1779032602.5609121,
  "apps/web/app/hooks/useFuncionario.ts": 1779037555.938539,
  "apps/web/app/admin/page.tsx": 1779067334.047398,
  "apps/web/app/admin/layout.tsx": 1779067315.681008,
  "apps/web/app/components/GrafoFuncionario.tsx": 1779066721.929565,
  "apps/web/app/perfil/[dni]/page.tsx": 1779066796.9981904,
  "frontend/postcss.config.js": 1775773248.6263835,
  "frontend/tailwind.config.js": 1775773248.135375,
  "frontend/vite.config.ts": 1775773246.8203526,
  "frontend/src/App.tsx": 1775773256.7205222,
  "frontend/src/main.tsx": 1775773254.6954875,
  "frontend/src/components/Layout.tsx": 1775773262.8616276,
  "frontend/src/components/BuscadorDNI.tsx": 1775773266.2096848,
  "frontend/src/components/IERGauge.tsx": 1775773270.3347557,
  "frontend/src/pages/Perfil.tsx": 1775773278.7879007,
  "frontend/src/pages/Donativos.tsx": 1775773283.480981,
  "frontend/src/pages/Home.tsx": 1775773275.5158446,
  "services/api/tests/conftest.py": 1779037691.4408956,
  "services/api/tests/test_layer2.py": 1779066672.1926048,
  "services/api/tests/test_neo4j.py": 1779067273.2070558,
  "services/api/tests/test_dashboard.py": 1779067276.581134,
  "services/api/tests/test_api.py": 1779037597.7985733,
  "services/api/scripts/migrate.py": 1779037472.3724833,
  "services/api/app/main.py": 1779037456.572096,
  "services/api/app/__init__.py": 1779032578.1484017,
  "services/api/app/workers/scheduler.py": 1779037586.5322945,
  "services/api/app/workers/__init__.py": 1779037582.6531987,
  "services/api/app/api/__init__.py": 1779032578.1484017,
  "services/api/app/api/routes.py": 1779067302.7717264,
  "services/api/app/models/proceso.py": 1779037376.6881459,
  "services/api/app/models/base.py": 1779037357.1496708,
  "services/api/app/models/contrato.py": 1779037371.9890316,
  "services/api/app/models/funcionario.py": 1779037709.3023398,
  "services/api/app/models/__init__.py": 1779037388.6454368,
  "services/api/app/models/empresa.py": 1779037365.799881,
  "services/api/app/models/conexion.py": 1779037380.14323,
  "services/api/app/schemas/contrato.py": 1779037436.391602,
  "services/api/app/schemas/funcionario.py": 1779037434.8355641,
  "services/api/app/schemas/__init__.py": 1779037485.1347964,
  "services/api/app/schemas/empresa.py": 1779037437.9136393,
  "services/api/app/db/base.py": 1779037676.6965292,
  "services/api/app/db/__init__.py": 1779032578.1484017,
  "services/api/app/utils/__init__.py": 1779032578.1484017,
  "services/api/app/services/__init__.py": 1779032578.1484017,
  "services/api/app/services/graph/neo4j_client.py": 1779067231.0360308,
  "services/api/app/services/graph/__init__.py": 1779067206.3873894,
  "services/api/app/services/scoring/__init__.py": 1779066676.9166439,
  "services/api/app/services/scoring/layer1.py": 1779066681.7806838,
  "services/api/app/services/scoring/layer2.py": 1779066666.310556,
  "services/api/app/services/alerts/alert_manager.py": 1779067244.4173653,
  "services/api/app/services/alerts/__init__.py": 1779067206.8694022,
  "services/api/app/services/etl/neo4j_sync.py": 1779067251.1735308,
  "services/api/app/services/etl/osce_client.py": 1779037408.0979111,
  "services/api/app/services/etl/__init__.py": 1779037397.5766544,
  "services/api/app/services/etl/scrapers.py": 1779066644.4453714,
  "services/api/app/services/etl/osce_ingester.py": 1779037427.022373,
  "backend/tests/test_main.py": 1775773237.807198,
  "backend/tests/__init__.py": 1775773236.9551833,
  "backend/app/main.py": 1775773185.157295,
  "backend/app/__init__.py": 1775773183.2472622,
  "backend/app/core/__init__.py": 1775773201.706579,
  "backend/app/core/config.py": 1775773202.6295948,
  "backend/app/api/__init__.py": 1775773185.317298,
  "backend/app/api/v1/__init__.py": 1775773185.792306,
  "backend/app/api/v1/scoring.py": 1775773190.4133852,
  "backend/app/api/v1/funcionarios.py": 1775773189.293366,
  "backend/app/models/__init__.py": 1775773234.5821426,
  "backend/app/scoring/__init__.py": 1775773222.5209358,
  "backend/app/scoring/variables.py": 1775773228.4070368,
  "backend/app/scoring/engine.py": 1775773232.7711117,
  "backend/app/scoring/fuzzy_rules.py": 1775773234.308138,
  "backend/app/schemas/funcionario.py": 1775773191.6934073,
  "backend/app/schemas/__init__.py": 1775773190.929394,
  "backend/app/schemas/scoring.py": 1775773193.8784447,
  "backend/app/db/models.py": 1775773201.6725783,
  "backend/app/db/__init__.py": 1775773196.4594889,
  "backend/app/db/session.py": 1775773197.69651,
  "backend/app/etl/__init__.py": 1775773204.738631,
  "backend/app/etl/infobras.py": 1775773219.9728923,
  "backend/app/etl/contraloria.py": 1775773217.9888582,
  "backend/app/etl/sunat.py": 1775773214.705802,
  "backend/app/etl/osce.py": 1775773209.3037093,
  "backend/app/etl/jne.py": 1775773216.5908341,
  "backend/app/etl/mef.py": 1775773212.1747584,
  "APEP.md": 1778093029.4117672,
  "API-REFERENCE.md": 1779031923.3967435,
  "DEVELOPMENT.md": 1779031851.3543177,
  "PROMPT_garendil_v2_osce_integration.md": 1779037237.3087792,
  "DECISIONS.md": 1779031802.990704,
  "PROMPT_garendil_v3_scraping_layer2.md": 1779037968.4008207,
  "PROGRESS.md": 1779066847.6920574,
  "README.md": 1779067368.680102,
  "garendil-competencies-module.md": 1777271514.0,
  "PROMPT_garendil_v1_initialization.md": 1779032379.5670795,
  "ROADMAP.md": 1779031737.3605883,
  "TROUBLESHOOTING.md": 1779031884.9809225,
  "README-COMPETENCIES.md": 1777271514.0,
  "CLAUDE.md": 1779066831.092127,
  "PROMPT_garendil_v4_neo4j_dashboard.md": 1779067118.08843,
  "zhinova-reference/APEP.md": 1778093029.4117672,
  "zhinova-reference/documentation Prompt para Claude.md": 1778989660.684455,
  "zhinova-reference/API-REFERENCE.md": 1778109177.2213924,
  "zhinova-reference/DEVELOPMENT.md": 1778109177.2223926,
  "zhinova-reference/DECISIONS.md": 1778904770.0122404,
  "zhinova-reference/PROGRESS.md": 1778908393.1267073,
  "zhinova-reference/PLAYBOOK.md": 1777761854.741966,
  "zhinova-reference/ROADMAP.md": 1778904815.6091125,
  "zhinova-reference/TROUBLESHOOTING.md": 1778109177.2223926,
  "zhinova-reference/AUDIT_REPORT.md": 1778252540.8394873,
  "docs/legal.md": 1775773305.00435,
  "docs/NOTION_UPDATE_v2.md": 1779037610.1308782,
  "docs/api-sources.md": 1775773297.7622259,
  "docs/scrapers/INFOBRAS.md": 1779066627.8692274,
  "docs/scrapers/MEF_PORTAL.md": 1779066620.165159,
  "docs/deployment/DEPLOYMENT_GUIDE.md": 1779067268.4609447,
  "docs/apis/OSCE_API.md": 1779037355.6066334,
  "services/api/requirements.txt": 1779066923.042143,
  "backend/requirements.txt": 1775773181.2062273
}